,City,Country,Date,Latitude,Longitude,Cloudiness (%),Humidity (%),Max Temp (F),Wind Speed (mph)
0,punta arenas,CL,2022-09-13 16:38:10,-53.15,-70.9167,0,86,30.577999999999964,2.06
1,upernavik,GL,2022-09-13 16:38:10,72.7868,-56.1549,100,97,40.351999999999975,2.18
2,taolanaro,,,,,,,,
3,lipari,IT,2022-09-13 16:38:10,38.4674,14.954,1,59,77.59399999999997,0.04
4,saskylakh,RU,2022-09-13 16:38:11,71.9167,114.0833,100,97,35.74399999999997,1.71
5,upington,ZA,2022-09-13 16:35:17,-28.4478,21.2561,0,26,54.248000000000026,0.51
6,kirakira,SB,2022-09-13 16:38:11,-10.4544,161.9205,100,85,79.60999999999999,3.88
7,ribeira grande,PT,2022-09-13 16:38:12,38.5167,-28.7,75,94,74.066,4.12
8,pevek,RU,2022-09-13 16:38:12,69.7008,170.3133,100,88,35.67200000000004,2.73
9,hermanus,ZA,2022-09-13 16:38:12,-34.4187,19.2345,43,70,58.190000000000026,3.1
10,vaini,TO,2022-09-13 16:38:13,-21.2,-175.2,20,88,77.43200000000002,3.09
11,hilo,US,2022-09-13 16:38:14,19.7297,-155.09,100,92,75.542,3.09
12,uetze,DE,2022-09-13 16:38:15,52.4651,10.2047,75,87,64.54399999999998,1.54
13,lata,PT,2022-09-13 16:36:31,40.1629,-8.3327,100,83,66.34399999999997,4.92
14,cape town,ZA,2022-09-13 16:31:40,-33.9258,18.4232,0,77,61.39399999999998,6.71
15,umzimvubu,,,,,,,,
16,ushuaia,AR,2022-09-13 16:38:15,-54.8,-68.3,20,52,42.727999999999966,5.66
17,pinawa,CA,2022-09-13 16:38:16,50.1489,-95.8811,7,61,54.33800000000005,3.33
18,vestmannaeyjar,IS,2022-09-13 16:38:16,63.4427,-20.2734,100,82,50.161999999999956,6.57
19,ihosy,MG,2022-09-13 16:38:16,-22.4,46.1167,1,33,77.71999999999997,2.52
20,bambous virieux,MU,2022-09-13 16:38:16,-20.3428,57.7575,75,61,77.52200000000005,6.17
21,georgetown,MY,2022-09-13 16:38:17,5.4112,100.3354,40,84,89.79800000000003,3.6
22,mataura,NZ,2022-09-13 16:38:17,-46.1927,168.8643,100,94,35.94199999999999,3.47
23,dikson,RU,2022-09-13 16:38:17,73.5069,80.5464,100,67,38.911999999999956,8.35
24,kavaratti,IN,2022-09-13 16:38:18,10.5669,72.642,22,79,81.12200000000004,6.4
25,arlit,NE,2022-09-13 16:38:18,18.7369,7.3853,8,12,90.96799999999999,4.65
26,mys shmidta,,,,,,,,
27,attawapiskat,,,,,,,,
28,yellowknife,CA,2022-09-13 16:32:29,62.456,-114.3525,20,93,43.592,4.12
29,bluff,NZ,2022-09-13 16:38:19,-46.6,168.3333,92,54,42.56600000000001,9.25
30,genhe,CN,2022-09-13 16:38:20,50.7833,121.5167,7,25,74.67799999999997,5.06
31,avarua,CK,2022-09-13 16:38:20,-21.2078,-159.775,40,78,75.52400000000002,3.6
32,taburi,,,,,,,,
33,hays,US,2022-09-13 16:38:20,30.0502,-98.0336,1,72,77.558,2.12
34,tasiilaq,GL,2022-09-13 16:38:21,65.6145,-37.6368,12,88,39.63200000000002,2.44
35,hambantota,LK,2022-09-13 16:38:21,6.1241,81.1185,75,59,93.81199999999995,5.66
36,el alto,PE,2022-09-13 16:38:21,-4.2714,-81.2147,11,80,62.024000000000015,6.95
37,longyearbyen,SJ,2022-09-13 16:38:18,78.2186,15.6401,40,64,35.708000000000006,7.2
38,cabo san lucas,MX,2022-09-13 16:34:35,22.8909,-109.9124,11,79,82.77799999999996,0.45
39,victoria,HK,2022-09-13 16:37:08,22.2855,114.1577,0,46,97.23200000000001,4.02
40,mezen,RU,2022-09-13 16:38:22,65.8522,44.24,61,69,53.63599999999997,3.9
41,pafos,CY,2022-09-13 16:38:23,34.7667,32.4167,40,65,82.45399999999995,1.54
42,konstantinovka,RU,2022-09-13 16:38:23,49.6167,127.9833,93,42,64.59800000000003,0.93
43,yulara,AU,2022-09-13 16:38:23,-25.2406,130.9889,0,19,88.23200000000003,8.19
44,sitka,US,2022-09-13 16:38:24,57.0531,-135.33,40,76,55.561999999999955,0
45,provideniya,RU,2022-09-13 16:38:24,64.3833,-173.3,100,95,47.01199999999996,2.8
46,ancud,CL,2022-09-13 16:38:24,-41.8697,-73.8203,27,90,45.05,1.81
47,albany,US,2022-09-13 16:38:24,42.6001,-73.9662,100,94,68.86400000000003,0.27
48,barrow,US,2022-09-13 16:38:25,71.2906,-156.7887,100,93,35.88800000000005,8.75
49,luderitz,NA,2022-09-13 16:38:26,-26.6481,15.1594,5,25,71.15,6.79
50,beringovskiy,RU,2022-09-13 16:38:27,63.05,179.3167,100,79,45.62599999999999,4.86
51,pocatello,US,2022-09-13 16:38:27,42.8713,-112.4455,0,29,69.98000000000005,7.2
52,flinders,AU,2022-09-13 16:38:27,-34.5833,150.8552,34,61,59.648000000000025,4.67
53,vryheid,ZA,2022-09-13 16:38:27,-27.7695,30.7917,100,87,53.99600000000005,1.43
54,rikitea,PF,2022-09-13 16:38:28,-23.1203,-134.9692,100,70,73.04000000000002,1.12
55,port hardy,CA,2022-09-13 16:38:28,50.6996,-127.4199,100,88,59.45,1.54
56,laurel,US,2022-09-13 16:38:28,39.0993,-76.8483,40,96,72.26600000000002,1.79
57,busselton,AU,2022-09-13 16:38:29,-33.65,115.3333,100,81,55.435999999999964,11.03
58,arraial do cabo,BR,2022-09-13 16:38:29,-22.9661,-42.0278,94,94,68.12599999999999,8.98
59,palmer,US,2022-09-13 16:38:29,42.1584,-72.3287,100,93,69.44000000000003,0
60,vargashi,RU,2022-09-13 16:38:30,55.3556,65.8467,79,50,57.48800000000004,2.81
61,hithadhoo,MV,2022-09-13 16:38:31,-0.6,73.0833,12,70,82.34600000000006,2.64
62,jati,PK,2022-09-13 16:38:31,24.3539,68.2671,26,42,95.54000000000002,2.28
63,saint-philippe,RE,2022-09-13 16:38:31,-21.3585,55.7679,16,63,76.85600000000002,3.69
64,olafsvik,IS,2022-09-13 16:37:13,64.8945,-23.7142,100,83,47.227999999999966,4.45
65,vostok,RU,2022-09-13 16:38:32,46.4856,135.8833,97,87,52.898000000000025,3.49
66,jacareacanga,BR,2022-09-13 16:38:32,-6.2222,-57.7528,98,65,72.55399999999995,0.88
67,oranjestad,AW,2022-09-13 16:38:33,12.524,-70.027,20,74,82.61600000000001,6.17
68,thompson,CA,2022-09-13 16:38:33,55.7435,-97.8558,20,87,37.832000000000015,1.54
69,escarcega,MX,2022-09-13 16:38:34,18.6089,-90.7454,100,99,72.31999999999996,2.08
70,lavrentiya,RU,2022-09-13 16:38:34,65.5833,-171,100,91,46.219999999999956,2.56
71,bremen,DE,2022-09-13 16:38:34,53.0752,8.8078,100,96,61.37599999999999,3.09
72,fort nelson,CA,2022-09-13 16:34:03,58.8053,-122.7002,20,87,42.65600000000003,1.03
73,maykain,,,,,,,,
74,pasni,PK,2022-09-13 16:38:36,25.2631,63.471,0,73,84.16400000000004,5.5
75,purpe,RU,2022-09-13 16:38:36,64.4803,76.6897,100,64,51.61999999999996,9.32
76,jiaohe,CN,2022-09-13 16:38:36,43.7286,127.3447,0,62,73.23800000000006,2.91
77,charters towers,AU,2022-09-13 16:38:36,-20.1,146.2667,0,27,85.69399999999997,3.1
78,batagay-alyta,RU,2022-09-13 16:34:54,67.8006,130.4114,99,86,37.61600000000001,1.13
79,college,US,2022-09-13 16:33:57,64.8569,-147.8028,75,81,51.25999999999998,0
80,bethel,US,2022-09-13 16:34:13,41.3712,-73.414,100,89,71.95999999999998,1.54
81,dingle,PH,2022-09-13 16:38:37,10.9995,122.6711,90,73,86.63000000000005,4.42
82,kapaa,US,2022-09-13 16:38:38,22.0752,-159.319,40,84,80.85199999999998,5.66
83,bengkulu,ID,2022-09-13 16:31:08,-3.8004,102.2655,100,84,78.78200000000001,3.42
84,tumannyy,,,,,,,,
85,maceio,BR,2022-09-13 16:38:39,-9.6658,-35.7353,75,94,71.31199999999995,0
86,tessalit,ML,2022-09-13 16:38:39,20.1986,1.0114,10,14,89.50999999999999,3.95
87,majene,ID,2022-09-13 16:38:40,-3.5403,118.9707,22,78,83.35399999999996,4.51
88,belushya guba,,,,,,,,
89,jamestown,US,2022-09-13 16:38:40,42.097,-79.2353,75,75,59.288000000000046,0
90,saldanha,ZA,2022-09-13 16:38:40,-33.0117,17.9442,0,72,50.32400000000001,5.93
91,tuatapere,NZ,2022-09-13 16:34:37,-46.1333,167.6833,100,76,38.96600000000001,4.63
92,isiro,CD,2022-09-13 16:38:41,2.7739,27.616,100,94,68.95399999999995,1.17
93,blairmore,CA,2022-09-13 16:38:41,49.6,-114.4353,100,76,53.564000000000036,1.07
94,rawlins,US,2022-09-13 16:38:41,41.7911,-107.2387,0,15,59.161999999999956,1.54
95,acarau,BR,2022-09-13 16:38:42,-2.8856,-40.12,63,78,77.80999999999997,7.16
96,tonatico,MX,2022-09-13 16:38:42,21.4911,-98.8127,5,89,72.17599999999999,1.71
97,kamenskoye,,,,,,,,
98,saint anthony,US,2022-09-13 16:38:42,45.0205,-93.218,0,88,59.41400000000003,0
99,koyilandi,,,,,,,,
100,santa rosa,PH,2022-09-13 16:36:06,14.3122,121.1114,100,66,90.35600000000002,6.35
101,wa,,,,,,,,
102,mahebourg,MU,2022-09-13 16:38:44,-20.4081,57.7,75,61,77.558,6.17
103,bluefields,NI,2022-09-13 16:38:44,12.0137,-83.7635,100,90,77.95399999999995,0.71
104,ayan,RU,2022-09-13 16:38:45,56.45,138.1667,3,66,53.61799999999998,6.05
105,atuona,PF,2022-09-13 16:38:45,-9.8,-139.0333,1,74,76.67599999999999,6.97
106,tuktoyaktuk,CA,2022-09-13 16:38:45,69.4541,-133.0374,85,84,35.851999999999975,6.93
107,ponta do sol,PT,2022-09-13 16:38:46,32.6667,-17.1,54,82,71.97799999999997,4.76
108,kruisfontein,ZA,2022-09-13 16:38:46,-34.0033,24.7314,7,50,56.156000000000034,4.14
109,mount isa,AU,2022-09-13 16:38:46,-20.7333,139.5,0,16,87.83599999999997,3.09
110,rocha,UY,2022-09-13 16:34:06,-34.4833,-54.3333,3,97,50.432000000000016,2.65
111,grand river south east,,,,,,,,
112,agirish,RU,2022-09-13 16:38:47,61.9247,63.0231,100,58,53.22200000000004,4.34
113,caucaia,BR,2022-09-13 16:38:48,-3.7361,-38.6531,75,72,79.01600000000002,7.2
114,labuhan,ID,2022-09-13 16:38:48,-6.8844,112.2051,38,58,88.142,5.32
115,lamu,KE,2022-09-13 16:38:48,-2.2717,40.902,99,69,81.08599999999997,6.39
116,grindavik,IS,2022-09-13 16:38:49,63.8424,-22.4338,75,87,50.21600000000001,3.6
117,kuytun,RU,2022-09-13 16:38:50,54.3419,101.5036,65,55,51.061999999999955,6.35
118,aloleng,PH,2022-09-13 16:38:51,16.1307,119.7824,100,69,84.434,3.39
119,marion,US,2022-09-13 16:38:51,39.7684,-86.1555,100,86,61.44800000000002,3.6
120,aktas,KZ,2022-09-13 16:38:52,49.7789,72.9608,94,30,55.417999999999985,2.13
121,pochutla,MX,2022-09-13 16:38:52,15.7432,-96.4661,100,94,74.084,2.22
122,saleaula,,,,,,,,
123,chuy,UY,2022-09-13 16:38:53,-33.6971,-53.4616,100,94,55.09399999999997,3.87
124,kawalu,ID,2022-09-13 16:38:53,-7.3817,108.2082,65,80,80.15,2.44
125,kuusamo,FI,2022-09-13 16:38:54,65.9667,29.1833,100,100,44.90600000000003,2.57
126,vaitupu,,,,,,,,
127,padang,ID,2022-09-13 16:25:04,-0.9492,100.3543,100,88,82.72400000000002,0.88
128,qaqortoq,GL,2022-09-13 16:37:13,60.7167,-46.0333,0,87,43.23200000000001,0.96
129,vicuna,CL,2022-09-13 16:38:54,-30.0319,-70.7081,14,87,46.4,0.74
130,fortuna,US,2022-09-13 16:36:08,40.5982,-124.1573,100,93,56.24600000000005,1.54
131,touros,BR,2022-09-13 16:34:36,-5.1989,-35.4608,57,89,72.35600000000002,5.33
132,rize,TR,2022-09-13 16:38:55,40.9044,40.8949,42,80,56.76799999999999,1.74
133,airai,TL,2022-09-13 16:38:56,-8.9266,125.4092,69,42,76.334,2.91
134,ankang,CN,2022-09-13 16:38:56,32.68,109.0172,45,46,86.07200000000003,5.01
135,mtinko,TZ,2022-09-13 16:38:56,-4.55,34.85,24,47,72.78800000000004,5.95
136,butaritari,KI,2022-09-13 16:38:56,3.0707,172.7902,65,74,81.80600000000004,3.53
137,nanortalik,GL,2022-09-13 16:34:23,60.1432,-45.2371,30,92,42.20600000000003,2.42
138,itupiranga,BR,2022-09-13 16:38:58,-5.1347,-49.3267,23,78,73.99399999999997,1.43
139,hami,CN,2022-09-13 16:38:58,42.8,93.45,31,20,83.49800000000002,3.75
140,miraflores,MX,2022-09-13 16:38:58,19.2167,-98.8083,65,88,61.71799999999999,0.69
141,lebu,CL,2022-09-13 16:38:59,-37.6167,-73.65,37,84,47.174000000000014,0.93
142,qaanaaq,GL,2022-09-13 16:38:36,77.484,-69.3632,100,90,34.627999999999965,2.38
143,khatanga,RU,2022-09-13 16:38:59,71.9667,102.5,98,53,41.82799999999996,5.2
144,cayenne,GF,2022-09-13 16:39:00,4.9333,-52.3333,8,94,75.50600000000003,0.51
145,iqaluit,CA,2022-09-13 16:35:07,63.7506,-68.5145,100,100,39.2,2.57
146,lagoa,PT,2022-09-13 16:39:00,39.05,-27.9833,100,82,70.75399999999996,1.3
147,mount gambier,AU,2022-09-13 16:39:01,-37.8333,140.7667,19,58,55.72400000000002,1.06
148,puerto ayora,EC,2022-09-13 16:39:02,-0.7393,-90.3518,100,99,63.82400000000001,0.89
149,itarema,BR,2022-09-13 16:35:51,-2.9248,-39.9167,70,77,77.75600000000003,7.11
150,norman wells,CA,2022-09-13 16:39:02,65.282,-126.8329,75,66,52.10600000000003,3.09
151,kaitangata,NZ,2022-09-13 16:39:03,-46.2817,169.8464,100,91,38.65999999999998,7.02
152,kijang,KR,2022-09-13 16:34:18,35.2442,129.2139,100,71,84.2,8.64
153,souillac,MU,2022-09-13 16:39:04,-20.5167,57.5167,75,61,77.64800000000002,6.17
154,ust-nera,RU,2022-09-13 16:39:04,64.5667,143.2,6,41,44.63599999999997,2.27
155,kodiak,US,2022-09-13 16:39:05,57.79,-152.4072,20,71,53.38399999999999,1.54
156,port elizabeth,ZA,2022-09-13 16:35:14,-33.918,25.5701,20,64,60.58399999999999,6.26
157,nara,JP,2022-09-13 16:38:37,34.6851,135.8049,89,55,94.17200000000004,3.77
158,suozhen,CN,2022-09-13 16:39:06,36.9539,118.1047,2,48,89.49199999999999,5.92
159,sol-iletsk,RU,2022-09-13 16:39:08,51.1631,54.9918,7,35,65.19200000000001,5.98
160,kollam,IN,2022-09-13 16:37:07,8.8833,76.6,36,72,81.96799999999999,3.83
161,akyab,MM,2022-09-13 16:39:08,20.15,92.9,100,87,79.03399999999999,1.22
162,bandarbeyla,SO,2022-09-13 16:39:08,9.4942,50.8122,99,50,87.69200000000001,11.4
163,broome,US,2022-09-13 16:39:09,42.2506,-75.833,100,93,67.65800000000002,0.89
164,east london,ZA,2022-09-13 16:37:28,-33.0153,27.9116,0,55,62.00600000000003,5.14
165,teguise,ES,2022-09-13 16:39:09,29.0605,-13.564,20,83,68.48599999999996,2.06
166,wanning,CN,2022-09-13 16:39:09,18.8003,110.3967,30,67,86.75600000000003,2.42
167,amderma,,,,,,,,
168,castro,BR,2022-09-13 16:39:10,-24.7911,-50.0119,100,99,58.190000000000026,1.06
169,kirkenes,NO,2022-09-13 16:39:11,69.7271,30.0458,75,100,43.285999999999966,3.6
170,vredendal,ZA,2022-09-13 16:39:11,-31.6683,18.5012,0,34,63.21199999999996,2.19
171,barentsburg,,,,,,,,
172,chapais,CA,2022-09-13 16:39:12,49.7834,-74.8492,100,72,55.45399999999995,1.46
173,illoqqortoormiut,,,,,,,,
174,tibati,CM,2022-09-13 16:39:12,6.4667,12.6333,100,98,65.642,1.53
175,miura,JP,2022-09-13 16:39:13,35.14,139.6192,100,76,89.20399999999995,1.56
176,port alfred,ZA,2022-09-13 16:39:14,-33.5906,26.891,5,72,59.45,2.24
177,henzada,,,,,,,,
178,maryborough,AU,2022-09-13 16:39:15,-25.5333,152.7,0,61,72.37400000000002,3.53
179,lorengau,PG,2022-09-13 16:35:52,-2.0226,147.2712,33,65,83.48000000000005,4.82
180,quatre cocos,MU,2022-09-13 16:39:15,-20.2078,57.7625,5,66,77.37799999999996,4.6
181,san patricio,US,2022-09-13 16:39:16,28.017,-97.5169,1,71,83.11999999999996,2.7
182,chapeltique,SV,2022-09-13 16:39:16,13.6333,-88.2667,100,99,71.67200000000004,1.25
183,korla,CN,2022-09-13 16:39:16,41.7597,86.1469,100,16,85.208,6.1
184,coquimbo,CL,2022-09-13 16:39:17,-29.9533,-71.3436,100,87,53.6,3.6
185,petropavlovsk-kamchatskiy,RU,2022-09-13 16:39:17,53.0452,158.6483,75,62,56.26400000000004,2
186,pringsewu,ID,2022-09-13 16:39:17,-5.3582,104.9744,100,66,85.55000000000001,2.38
187,znamenskoye,RU,2022-09-13 16:39:18,57.1281,73.8282,82,53,54.21199999999996,2.12
188,maningrida,AU,2022-09-13 16:39:18,-12.0667,134.2667,7,58,86.16199999999995,6.37
189,dolores,AR,2022-09-13 16:39:18,-36.3132,-57.6792,0,91,45.48200000000001,0.61
190,pisco,PE,2022-09-13 16:39:19,-13.7,-76.2167,100,77,61.12400000000001,1.03
191,new norfolk,AU,2022-09-13 16:39:19,-42.7826,147.0587,73,54,54.158,0.45
192,san cristobal,VE,2022-09-13 16:39:19,7.7669,-72.225,100,98,64.94000000000003,0.8
193,bodden town,KY,2022-09-13 16:39:20,19.2833,-81.25,94,91,83.19200000000001,2.41
194,batticaloa,LK,2022-09-13 16:39:20,7.7102,81.6924,33,66,85.80199999999998,3.57
195,koutiala,ML,2022-09-13 16:39:21,12.3917,-5.4642,100,89,71.56400000000004,2.11
196,meyungs,,,,,,,,
197,carnarvon,AU,2022-09-13 16:39:21,-24.8667,113.6333,1,55,69.83599999999997,8.72
198,taoudenni,ML,2022-09-13 16:39:22,22.6783,-3.9836,9,11,93.41600000000001,1.42
199,taonan,CN,2022-09-13 16:39:22,45.3333,122.7833,0,28,73.61600000000001,2.72
200,avera,US,2022-09-13 16:39:22,33.194,-82.5271,13,86,71.38399999999999,2.46
201,kjollefjord,NO,2022-09-13 16:39:22,70.9457,27.3465,75,81,43.12400000000001,5.66
202,haradok,BY,2022-09-13 16:39:23,55.4624,29.9816,100,85,50.50399999999995,3.17
203,naini tal,IN,2022-09-13 16:34:57,29.3974,79.4469,54,74,65.84000000000003,1.48
204,prince rupert,CA,2022-09-13 16:39:24,54.3161,-130.3201,0,97,53.564000000000036,1.54
205,isangel,VU,2022-09-13 16:39:24,-19.55,169.2667,40,78,80.97799999999997,2.06
206,gorbunki,RU,2022-09-13 16:39:24,59.8182,29.9841,0,76,53.83399999999999,3
207,lasem,ID,2022-09-13 16:39:25,-6.6922,111.4527,74,57,88.7,4.9
208,sisimiut,GL,2022-09-13 16:39:25,66.9395,-53.6735,100,86,44.52799999999996,3.69
209,divnomorskoye,RU,2022-09-13 16:39:25,44.5011,38.1353,8,65,70.25,3.19
210,lompoc,US,2022-09-13 16:36:26,34.6391,-120.4579,100,91,64.292,2.57
211,taltal,CL,2022-09-13 16:39:26,-25.4,-70.4833,1,82,52.609999999999985,0.43
212,ilulissat,GL,2022-09-13 16:39:26,69.2167,-51.1,100,81,46.688000000000045,4.63
213,karratha,AU,2022-09-13 16:39:27,-20.7377,116.8463,5,50,79.12400000000002,8.29
214,talnakh,RU,2022-09-13 16:39:27,69.4865,88.3972,100,81,38.48000000000004,5.09
215,elk city,US,2022-09-13 16:39:28,35.412,-99.4043,0,68,68.25199999999998,4.63
216,faridan,,,,,,,,
217,rawson,AR,2022-09-13 16:39:29,-43.3002,-65.1023,100,93,34.358000000000004,1.54
218,tiksi,RU,2022-09-13 16:39:30,71.6872,128.8694,100,72,41.342,5.66
219,kysyl-syr,RU,2022-09-13 16:39:30,63.8986,122.7617,100,75,48.97400000000002,4.92
220,loandjili,CG,2022-09-13 16:39:30,-4.7561,11.8578,100,79,75.41600000000001,2.78
221,kibala,TD,2022-09-13 16:39:31,9.1104,18.3463,75,100,71.816,0
222,samusu,,,,,,,,
223,sao filipe,CV,2022-09-13 16:39:31,14.8961,-24.4956,98,84,78.69200000000001,6.54
224,saint-francois,FR,2022-09-13 16:39:32,46.4154,3.9054,0,88,64.94000000000003,1.03
225,otanche,CO,2022-09-13 16:39:32,5.6567,-74.1825,100,97,64.868,0.81
226,panguipulli,CL,2022-09-13 16:39:32,-39.6333,-72.3333,18,98,41.66600000000001,1.01
227,ciudad bolivar,VE,2022-09-13 16:39:33,8.1222,-63.5497,98,87,76.29800000000003,2.88
228,san jose,US,2022-09-13 16:39:04,37.3394,-121.895,75,76,66.81199999999995,3.09
229,siguiri,GN,2022-09-13 16:39:34,11.6667,-9.5,100,98,68.684,1.44
230,nemuro,JP,2022-09-13 16:37:54,43.3236,145.575,100,89,67.71199999999996,5.24
231,katangli,RU,2022-09-13 16:39:34,51.7102,143.2326,100,85,45.31999999999996,9.75
232,hidalgotitlan,MX,2022-09-13 16:39:34,17.7833,-94.6333,100,98,72.66199999999995,1.96
233,riyadh,SA,2022-09-13 16:39:34,24.6877,46.7219,0,7,99.01400000000004,4.13
234,burgersdorp,ZA,2022-09-13 16:39:35,-30.9977,26.3286,0,29,54.446000000000055,1.93
235,hamilton,US,2022-09-13 16:39:35,39.1834,-84.5333,75,80,63.859999999999985,3.09
236,aktash,RU,2022-09-13 16:39:35,50.3,87.7333,49,30,48.95600000000003,2.06
237,codrington,AU,2022-09-13 16:39:36,-38.2667,141.9667,6,67,54.48200000000001,3.23
238,wynyard,AU,2022-09-13 16:39:36,-41,145.7167,2,43,52.25,1.65
239,esperance,AU,2022-09-13 16:39:36,-33.8667,121.9,100,49,68.108,13.53
240,puerto penasco,MX,2022-09-13 16:39:37,31.3167,-113.5333,1,69,85.17200000000004,2.68
241,kedgwick,CA,2022-09-13 16:39:37,47.6446,-67.3434,98,95,58.567999999999984,0.96
242,shelburne,CA,2022-09-13 16:39:37,44.0787,-80.2041,0,93,54.661999999999956,2.99
243,mollendo,PE,2022-09-13 16:39:38,-17.0231,-72.0147,100,89,58.424000000000014,4.45
244,namibe,AO,2022-09-13 16:39:38,-15.1961,12.1522,91,82,65.96600000000001,0.75
245,novyy urengoy,RU,2022-09-13 16:36:02,66.0833,76.6333,100,92,44.07799999999996,3.92
246,jinxiang,CN,2022-09-13 16:39:39,27.4327,120.6062,100,90,75.55999999999997,7.18
247,guajara-mirim,,,,,,,,
248,urdzhar,,,,,,,,
249,ngara,TZ,2022-09-13 16:39:41,-2.5122,30.6558,100,58,70.26799999999999,0.54
250,sarakhs,IR,2022-09-13 16:39:42,36.5449,61.1577,0,12,77.01799999999999,2.54
251,zyryanka,RU,2022-09-13 16:39:42,65.75,150.85,100,66,43.95199999999998,2.45
252,toliary,,,,,,,,
253,siniscola,IT,2022-09-13 16:39:43,40.5719,9.6922,5,63,67.81999999999996,1.33
254,mitsamiouli,KM,2022-09-13 16:39:43,-11.3847,43.2844,40,65,79.358,4.63
255,katsuura,JP,2022-09-13 16:35:59,35.1333,140.3,100,85,80.41999999999996,4.64
256,porto novo,BJ,2022-09-13 16:39:43,6.4965,2.6036,100,88,77.09000000000003,1.94
257,torbay,CA,2022-09-13 16:39:44,47.6666,-52.7314,100,97,58.55,8.23
258,adrar,MR,2022-09-13 16:39:44,20.5022,-10.0711,16,34,89.11400000000003,4.16
259,mar del plata,AR,2022-09-13 16:39:45,-38.0023,-57.5575,0,86,49.13599999999997,2.24
260,saint-pierre,RE,2022-09-13 16:39:28,-21.3393,55.4781,0,57,76.94600000000005,3.09
261,ugoofaaru,MV,2022-09-13 16:39:45,5.6667,73,5,78,81.14000000000001,3.3
262,miri,MY,2022-09-13 16:39:46,4.4148,114.0089,40,70,86.41400000000004,3.6
263,camalu,MX,2022-09-13 16:39:46,30.85,-116.0667,38,90,71.31199999999995,1.78
264,lolua,,,,,,,,
265,encarnacion,PY,2022-09-13 16:39:47,-27.3333,-55.9,0,82,54.391999999999996,2.57
266,macaboboni,,,,,,,,
267,tenenkou,ML,2022-09-13 16:39:47,14.4572,-4.9169,57,76,77.03599999999997,2.09
268,bargal,,,,,,,,
269,xam nua,LA,2022-09-13 16:39:48,20.4197,104.0439,73,89,76.38800000000005,0.3
270,terney,RU,2022-09-13 16:39:48,45.0503,136.6092,0,52,69.51199999999996,5.66
271,beira,MZ,2022-09-13 16:39:49,-19.8436,34.8389,20,69,79.15999999999998,4.63
272,buin,CL,2022-09-13 16:35:50,-33.7333,-70.75,100,81,52.7,1.13
273,dudinka,RU,2022-09-13 16:39:49,69.4058,86.1778,100,83,38.89399999999997,5.69
274,sterling,US,2022-09-13 16:39:50,39.0062,-77.4286,75,94,70.39399999999998,1.54
275,hobart,AU,2022-09-13 16:37:41,-42.8794,147.3294,40,70,54.5,3.6
276,birin,NP,2022-09-13 16:35:16,26.8865,88.0718,100,96,63.158,1.3
277,siocon,PH,2022-09-13 16:39:51,7.7061,122.1353,90,77,83.80399999999995,1.93
278,tabiauea,,,,,,,,
279,bredasdorp,ZA,2022-09-13 16:39:51,-34.5322,20.0403,74,61,59.432000000000016,1.86
280,haines junction,CA,2022-09-13 16:34:57,60.7522,-137.5108,97,87,37.61600000000001,0.51
281,caravelas,BR,2022-09-13 16:39:51,-17.7125,-39.2481,54,87,67.69399999999997,1.77
282,eskisehir,TR,2022-09-13 16:36:19,39.7767,30.5206,0,77,59.18000000000004,2.57
283,tommot,RU,2022-09-13 16:39:52,58.9564,126.2925,100,85,50.900000000000006,6.71
284,merauke,ID,2022-09-13 16:38:11,-8.4667,140.3333,99,73,84.434,8.4
285,vilyuysk,RU,2022-09-13 16:39:52,63.7553,121.6247,100,66,51.04399999999997,4.28
286,manavalakurichi,IN,2022-09-13 16:39:53,8.1333,77.3,100,69,84.59600000000006,6.72
287,antofagasta,CL,2022-09-13 16:39:53,-23.65,-70.4,51,84,56.75,2.07
288,kiruna,SE,2022-09-13 16:39:53,67.8557,20.2251,100,87,43.98800000000004,1.03
289,cabedelo,BR,2022-09-13 16:39:54,-6.9811,-34.8339,38,86,70.73599999999996,5.17
290,kormend,HU,2022-09-13 16:39:54,47.011,16.606,76,63,61.7,1.07
291,oda,JP,2022-09-13 16:39:54,35.1833,132.5,100,82,81.64399999999998,6.37
292,constitucion,CL,2022-09-13 16:39:55,-35.3333,-72.4167,1,89,45.59000000000002,1.48
293,otradnoye,RU,2022-09-13 16:39:55,59.7775,30.8181,100,79,53.924000000000014,2.37
294,la ronge,CA,2022-09-13 16:39:55,55.1001,-105.2842,20,87,41.522000000000034,0.51
295,henderson,US,2022-09-13 16:39:56,36.0397,-114.9819,20,48,83.10199999999998,3.6
296,istok,XK,2022-09-13 16:39:56,42.7808,20.4875,9,55,62.22200000000004,0.33
297,toora-khem,RU,2022-09-13 16:39:56,52.4675,96.11,100,40,56.82200000000004,1.65
298,dakar,SN,2022-09-13 16:39:56,14.6937,-17.4441,99,78,78.15199999999999,6.08
299,honningsvag,NO,2022-09-13 16:39:57,70.9821,25.9704,100,75,42.817999999999984,3.09
300,tomatlan,MX,2022-09-13 16:39:57,19.9333,-105.25,90,96,74.10199999999998,1.28
301,cherskiy,RU,2022-09-13 16:39:58,68.75,161.3,100,92,38.408,3.48
302,geraldton,AU,2022-09-13 16:39:58,-28.7667,114.6,75,63,66.88399999999999,9.77
303,rincon,US,2022-09-13 16:36:14,32.296,-81.2354,20,93,78.13399999999999,2.06
304,point fortin,TT,2022-09-13 16:39:58,10.1833,-61.6833,93,84,78.13399999999999,5.23
305,hobyo,SO,2022-09-13 16:39:59,5.3505,48.5268,90,68,83.10199999999998,10.67
306,arys,KZ,2022-09-13 16:39:59,42.4252,68.795,0,17,78.99800000000002,3.68
307,marienburg,PL,2022-09-13 16:39:59,54.0359,19.0266,100,68,54.842,4.93
308,mantua,IT,2022-09-13 16:39:59,45.1667,10.7833,6,85,67.60399999999996,0.45
309,dongsheng,CN,2022-09-13 16:40:00,39.8161,109.9776,1,24,77.234,7.17
310,imbituba,BR,2022-09-13 16:40:00,-28.24,-48.6703,73,93,64.13000000000005,3.09
311,poum,NC,2022-09-13 16:40:01,-20.2333,164.0167,100,73,74.15600000000003,10.48
312,klaksvik,FO,2022-09-13 16:40:01,62.2266,-6.589,100,88,49.38800000000005,2.35
313,toledo,ES,2022-09-13 16:38:44,39.8333,-4,100,76,66.68599999999998,10.13
314,gornyy,RU,2022-09-13 16:40:02,55.1153,83.9059,16,33,54.158,2.14
315,bitung,ID,2022-09-13 16:40:05,1.4451,125.1824,99,73,88.91600000000001,4.59
316,bandar,ID,2022-09-13 16:40:05,2.05,99.75,100,67,86.35999999999999,1.53
317,nikolskoye,RU,2022-09-13 16:40:06,59.7035,30.7861,100,80,53.76199999999996,2.37
318,buncrana,IE,2022-09-13 16:40:06,55.1333,-7.45,100,76,57.23599999999997,3.23
319,terrace,CA,2022-09-13 16:40:07,54.5163,-128.6035,0,76,57.38000000000004,3.6
320,scarborough,GB,2022-09-13 16:40:03,54.2797,-0.4044,100,88,52.05199999999998,0.89
321,nguiu,,,,,,,,
322,picayune,US,2022-09-13 16:40:08,30.5255,-89.6795,0,74,73.058,1.89
323,santa lucia,ES,2022-09-13 16:40:09,27.9117,-15.5407,20,73,67.58599999999997,5.14
324,pangnirtung,CA,2022-09-13 16:40:10,66.1451,-65.7125,100,78,44.29399999999997,4.76
325,chokurdakh,RU,2022-09-13 16:40:10,70.6333,147.9167,100,73,40.80199999999998,1.12
326,kutum,SD,2022-09-13 16:40:10,14.2,24.6667,82,50,79.44800000000004,2.28
327,poquoson,US,2022-09-13 16:40:11,37.1224,-76.3458,40,92,78.29600000000005,3.09
328,matadi,CD,2022-09-13 16:40:11,-5.8167,13.45,100,72,75.95600000000003,3.17
329,lyngdal,NO,2022-09-13 16:40:11,58.1376,7.07,100,85,55.16600000000001,6.88
330,marcona,,,,,,,,
331,torbat-e jam,IR,2022-09-13 16:40:12,35.244,60.6225,0,13,74.69600000000005,1.14
332,viedma,AR,2022-09-13 16:40:12,-40.8135,-62.9967,100,81,46.66999999999996,3.68
333,rodrigues alves,BR,2022-09-13 16:40:13,-7.738,-72.6509,55,80,73.868,1.18
334,vila velha,BR,2022-09-13 16:40:13,-20.3297,-40.2925,100,96,70.01600000000002,1.03
335,doha,QA,2022-09-13 16:39:13,25.2867,51.5333,5,58,97.37599999999999,4.12
336,hirara,JP,2022-09-13 16:38:49,24.8,125.2833,75,89,81.14000000000001,11.32
337,yanan,,,,,,,,
338,boa vista,BR,2022-09-13 16:40:14,2.8197,-60.6733,40,95,77.25199999999998,0.51
339,aloguinsan,PH,2022-09-13 16:40:15,10.2219,123.5483,14,67,93.45199999999997,4.94
340,karkaralinsk,,,,,,,,
341,corinto,GR,2022-09-13 16:40:16,37.9407,22.9573,9,41,78.16999999999996,2.7
342,bay roberts,CA,2022-09-13 16:40:16,47.5999,-53.2648,100,93,59.32400000000001,2.68
343,moanda,GA,2022-09-13 16:40:17,-1.5575,13.2178,65,70,76.62200000000004,1.42
344,male,MV,2022-09-13 16:40:17,4.1748,73.5089,20,74,86.21600000000001,2.57
345,natal,BR,2022-09-13 16:40:17,-5.795,-35.2094,0,94,73.88599999999997,3.09
346,havoysund,NO,2022-09-13 16:40:18,70.9963,24.6622,94,72,43.30399999999995,3.34
347,sorvag,,,,,,,,
348,marawi,PH,2022-09-13 16:40:19,7.9986,124.2928,100,85,77.0,0.75
349,tebingtinggi,ID,2022-09-13 16:40:19,3.3285,99.1625,97,76,84.00199999999998,2
350,leningradskiy,RU,2022-09-13 16:38:53,69.3833,178.4167,100,95,36.57200000000004,1.78
351,nabire,ID,2022-09-13 16:36:19,-3.3667,135.4833,97,88,78.368,1.01
352,satitoa,,,,,,,,
353,neustadt,DE,2022-09-13 16:40:21,49.7117,12.0872,92,75,59.97200000000004,2.19
354,ahipara,NZ,2022-09-13 16:40:22,-35.1667,173.1667,91,88,57.00199999999998,5.22
355,malgrat de mar,ES,2022-09-13 16:40:22,41.6466,2.7414,50,78,81.23000000000005,0.57
356,lucapa,AO,2022-09-13 16:40:22,-8.4192,20.7447,40,51,80.618,1.64
357,gunjur,GM,2022-09-13 16:40:23,13.2019,-16.7339,100,86,79.19600000000005,4.95
358,talara,PE,2022-09-13 16:40:23,-4.5772,-81.2719,16,84,62.79800000000003,8.11
359,ampanihy,MG,2022-09-13 16:40:24,-24.7,44.75,0,43,78.42200000000004,5.12
360,methven,NZ,2022-09-13 16:40:24,-43.6333,171.65,99,78,43.17799999999996,0.45
361,taloqan,AF,2022-09-13 16:40:25,36.7361,69.5345,0,17,79.88000000000005,2.29
362,marsa matruh,EG,2022-09-13 16:35:45,31.3525,27.2453,7,64,80.74399999999997,5.2
363,casablanca,MA,2022-09-13 16:40:25,33.5928,-7.6192,40,78,74.01199999999996,3.09
364,minab,IR,2022-09-13 16:40:25,27.1467,57.0801,0,40,98.40199999999997,4.76
365,catabola,AO,2022-09-13 16:40:26,-12.15,17.2833,0,39,74.42599999999999,0.65
366,basse,DE,2022-09-13 16:40:26,52.5518,9.5069,75,81,65.04800000000003,3.09
367,usinsk,RU,2022-09-13 16:40:26,65.9939,57.5281,100,92,45.193999999999974,5.14
368,dunedin,NZ,2022-09-13 16:40:27,-45.8742,170.5036,100,87,41.07200000000004,4.92
369,camana,PE,2022-09-13 16:40:27,-16.6228,-72.7111,100,87,59.12599999999999,4.9
370,matveyevka,RU,2022-09-13 16:40:28,52.15,56.1833,5,34,61.969999999999956,4.99
371,dabhol,IN,2022-09-13 16:40:29,17.6,73.1667,100,89,79.34000000000003,6.66
372,farafangana,MG,2022-09-13 16:40:33,-22.8167,47.8333,0,62,74.49800000000002,4.14
373,gelsenkirchen,DE,2022-09-13 16:38:51,51.5167,7.05,100,73,67.13599999999997,1.79
374,pizarro,CO,2022-09-13 16:40:35,4.9533,-77.366,72,91,75.83000000000004,2.07
375,zima,RU,2022-09-13 16:40:36,53.9202,102.0442,67,55,53.79800000000003,5.48
376,florianopolis,BR,2022-09-13 16:40:36,-27.6146,-48.5012,100,96,62.95999999999998,1.03
377,sesheke,ZM,2022-09-13 16:40:37,-17.4759,24.2968,0,16,80.708,5.53
378,camacha,PT,2022-09-13 16:40:38,33.0833,-16.3333,40,83,69.49399999999997,6.69
379,vedaranniyam,,,,,,,,
380,severo-kurilsk,RU,2022-09-13 16:40:39,50.6789,156.125,100,86,56.82200000000004,2.18
381,sulangan,PH,2022-09-13 16:40:40,11.1373,123.7228,63,66,85.64000000000001,1.91
382,lyantonde,UG,2022-09-13 16:40:40,-0.4031,31.1572,72,58,76.38800000000005,1.7
383,holme,DK,2022-09-13 16:40:41,56.1138,10.1725,25,93,58.83800000000005,6.38
384,tsihombe,,,,,,,,
385,oussouye,SN,2022-09-13 16:40:42,12.485,-16.5469,100,89,77.75600000000003,2.99
386,pavilosta,LV,2022-09-13 16:40:42,56.8879,21.1859,100,79,46.58000000000004,5.85
387,acapulco,MX,2022-09-13 16:40:22,16.8634,-99.8901,100,78,78.89000000000001,3.09
388,itaueira,BR,2022-09-13 16:40:42,-7.6033,-43.0256,0,35,75.092,4.22
389,ambilobe,MG,2022-09-13 16:40:44,-13.2,49.05,60,28,90.28399999999999,2.09
390,tigil,RU,2022-09-13 16:40:44,57.8,158.6667,100,92,45.62599999999999,3.22
391,sinnamary,GF,2022-09-13 16:40:45,5.3833,-52.95,24,87,77.21600000000001,3.09
392,pachino,IT,2022-09-13 16:40:45,36.7186,15.0907,1,68,76.892,0.51
393,antalaha,MG,2022-09-13 16:40:45,-14.9003,50.2788,15,63,77.792,4.68
394,malwan,,,,,,,,
395,tabuk,PH,2022-09-13 16:38:29,17.4189,121.4443,100,59,88.03399999999999,0.89
396,paracuru,BR,2022-09-13 16:40:46,-3.41,-39.0306,79,78,78.38599999999997,6.85
397,bilibino,RU,2022-09-13 16:40:47,68.0546,166.4372,100,84,39.84800000000003,1.54
398,aklavik,CA,2022-09-13 16:40:47,68.2191,-135.0107,28,87,41.917999999999985,2.21
399,grand gaube,MU,2022-09-13 16:40:47,-20.0064,57.6608,13,65,77.66600000000001,4.02
400,tahta,EG,2022-09-13 16:40:47,26.7693,31.5021,6,40,88.21400000000003,5.27
401,celestun,MX,2022-09-13 16:40:48,20.8667,-90.4,100,88,74.62400000000002,5.73
402,puerto del rosario,ES,2022-09-13 16:40:48,28.5004,-13.8627,40,78,73.41799999999998,1.03
403,sola,VU,2022-09-13 16:40:49,-13.8833,167.55,40,94,77.93599999999998,0
404,richards bay,ZA,2022-09-13 16:40:49,-28.783,32.0377,100,87,63.319999999999965,1.81
405,black river,JM,2022-09-13 16:40:49,18.0264,-77.8487,99,83,79.17799999999997,1.93
406,yinchuan,CN,2022-09-13 16:40:50,38.4681,106.2731,8,22,83.71400000000003,8.04
407,coxim,BR,2022-09-13 16:40:50,-18.5067,-54.76,98,40,78.74600000000005,1.46
408,camocim,BR,2022-09-13 16:40:51,-2.9022,-40.8411,16,80,77.01799999999999,6.27
409,arman,RU,2022-09-13 16:36:28,59.7,150.1667,6,51,52.34000000000002,6.65
410,namatanai,PG,2022-09-13 16:40:52,-3.6667,152.4333,100,66,83.73200000000003,4.82
411,diffa,NE,2022-09-13 16:40:52,13.3154,12.6113,77,59,84.59600000000006,7.01
412,vani,GE,2022-09-13 16:40:52,42.0832,42.5216,100,94,69.76400000000004,1.54
413,port-cartier,CA,2022-09-13 16:40:53,50.0334,-66.8654,100,98,57.14600000000005,0.99
414,saint george,US,2022-09-13 16:40:53,37.1041,-113.5841,40,61,76.892,4.12
415,uvat,RU,2022-09-13 16:40:54,59.1433,68.8953,54,43,57.182000000000016,3.67
416,burnie,AU,2022-09-13 16:40:54,-41.0667,145.9167,2,43,52.214000000000034,2.13
417,tecoanapa,MX,2022-09-13 16:40:55,16.5167,-98.75,98,86,76.24399999999997,1.32
418,artyk,,,,,,,,
419,tazovskiy,RU,2022-09-13 16:40:55,67.4667,78.7,100,92,38.461999999999954,4.88
420,carthage,TN,2022-09-13 16:40:56,36.8611,10.3316,20,83,78.60199999999998,2.57
421,preetz,DE,2022-09-13 16:40:57,54.2333,10.2833,20,89,62.167999999999985,3.6
422,coahuayana,MX,2022-09-13 16:40:57,18.7333,-103.6833,100,94,76.208,1.37
423,nanning,CN,2022-09-13 16:40:36,22.8167,108.3167,86,55,88.51999999999995,1.67
424,kontagora,NG,2022-09-13 16:40:58,10.3999,5.4695,92,94,72.24800000000002,2.41
425,dondo,MZ,2022-09-13 16:40:59,-19.6094,34.7431,0,52,78.584,4.11
426,muroto,JP,2022-09-13 16:40:59,33.2833,134.15,100,82,82.49000000000002,6.48
427,dehloran,IR,2022-09-13 16:41:00,32.6941,47.2679,0,8,105.98000000000005,1.07
428,poso,ID,2022-09-13 16:41:00,-1.3959,120.7524,94,87,81.05000000000001,0.5
429,clyde river,CA,2022-09-13 16:41:00,70.4692,-68.5914,100,100,37.903999999999954,1.03
430,tripoli,LY,2022-09-13 16:41:00,32.8752,13.1875,0,57,81.91400000000004,3.16
431,xuddur,SO,2022-09-13 16:41:01,4.1213,43.8894,95,39,84.57799999999997,9.58
432,iskateley,RU,2022-09-13 16:41:01,67.6803,53.1512,100,91,45.877999999999965,4.6
433,inhambane,MZ,2022-09-13 16:41:02,-23.865,35.3833,40,73,77.25199999999998,3.09
434,wagar,SD,2022-09-13 16:41:02,16.1525,36.2032,82,43,86.35999999999999,6.84
435,zambezi,ZM,2022-09-13 16:41:03,-13.5432,23.1047,57,16,80.34800000000003,4.89
436,druskininkai,LT,2022-09-13 16:41:04,54.0167,23.9667,100,87,52.51999999999996,1.05
437,shenjiamen,CN,2022-09-13 16:41:04,29.9576,122.298,100,91,78.29600000000005,11.86
438,pocone,BR,2022-09-13 16:41:05,-16.2567,-56.6228,23,35,76.38800000000005,2.04
439,khanskaya,RU,2022-09-13 16:41:06,44.677,39.9616,26,70,68.43200000000002,3.4
440,vinh,VN,2022-09-13 16:39:54,18.6667,105.6667,46,66,87.38599999999997,3.06
441,manta,EC,2022-09-13 16:41:07,-0.95,-80.7333,75,88,68.05399999999995,2.06
442,ziro,IN,2022-09-13 16:41:07,27.6333,93.8333,59,82,70.808,1.22
443,wasilla,US,2022-09-13 16:41:07,61.5814,-149.4394,100,87,53.00600000000003,4.12
444,mindelo,CV,2022-09-13 16:41:08,16.8901,-24.9804,77,80,77.35999999999999,8.5
445,baghdad,IQ,2022-09-13 16:41:09,33.3406,44.4009,0,24,96.98000000000005,0.51
446,sioux lookout,CA,2022-09-13 16:41:09,50.1001,-91.917,40,67,59.342,3.09
447,kermanshah,IR,2022-09-13 16:41:10,34.3142,47.065,0,7,79.96999999999997,2.06
448,tiarei,PF,2022-09-13 16:41:11,-17.5333,-149.3333,100,74,78.27799999999996,9.61
449,agnibilekrou,CI,2022-09-13 16:41:11,7.1344,-3.2047,100,97,71.02400000000002,1.25
450,penzance,GB,2022-09-13 16:41:11,50.1186,-5.5371,20,72,67.58599999999997,9.77
451,candido de abreu,BR,2022-09-13 16:41:12,-24.5669,-51.3333,97,100,63.788000000000046,0.46
452,port augusta,AU,2022-09-13 16:41:13,-32.5,137.7667,41,24,76.06400000000004,5.78
453,aljezur,PT,2022-09-13 16:41:13,37.3191,-8.8033,40,91,68.64800000000002,5.79
454,chazuta,PE,2022-09-13 16:41:14,-6.5742,-76.1367,100,79,75.092,0.58
455,vardo,NO,2022-09-13 16:41:14,70.3705,31.1107,75,87,43.05199999999998,5.14
456,boshan,CN,2022-09-13 16:41:15,36.4833,117.8333,1,45,85.36999999999996,5.31
457,luangwa,ZM,2022-09-13 16:41:16,-15.6167,30.4167,8,36,83.01199999999996,6.49
458,vila franca do campo,PT,2022-09-13 16:41:17,37.7167,-25.4333,88,85,72.46400000000003,2.67
459,hohhot,CN,2022-09-13 16:37:07,40.8106,111.6522,20,23,84.75800000000001,4
460,coihaique,CL,2022-09-13 16:41:18,-45.5752,-72.0662,0,93,43.016000000000005,3.09
461,bowen,AU,2022-09-13 16:41:18,-20.0167,148.2333,0,67,73.21999999999997,7.73
462,kloulklubed,PW,2022-09-13 16:41:19,7.0419,134.2556,90,70,88.57400000000001,3.71
463,maba,CN,2022-09-13 16:41:19,24.6841,113.5984,10,30,98.13200000000002,2.08
464,scottsbluff,US,2022-09-13 16:41:19,41.8666,-103.6672,0,41,63.10399999999996,0.45
465,fairbanks,US,2022-09-13 16:41:20,64.8378,-147.7164,40,82,51.25999999999998,0
466,le mars,US,2022-09-13 16:41:20,42.7942,-96.1656,0,93,59.63000000000004,0
467,luena,AO,2022-09-13 16:36:45,-11.7833,19.9167,7,15,78.81799999999998,1.58
468,bagdarin,RU,2022-09-13 16:41:21,54.4333,113.6,91,39,61.411999999999956,7.06
469,louisbourg,,,,,,,,
470,boddam,GB,2022-09-13 16:41:22,57.4667,-1.7833,99,84,56.04800000000003,10.27
471,harper,LR,2022-09-13 16:41:23,4.375,-7.7169,100,87,75.03800000000004,3.15
472,nauta,PE,2022-09-13 16:41:23,-4.5061,-73.5757,2,81,72.76999999999995,0.88
473,sembe,CG,2022-09-13 16:41:23,1.6481,14.5806,77,79,75.55999999999997,1.82
474,golden rock,,,,,,,,
475,sahuaripa,MX,2022-09-13 16:41:26,29.05,-109.2333,91,86,71.54600000000005,1.85
476,sentyabrskiy,,,,,,,,
477,gloversville,US,2022-09-13 16:41:26,43.0528,-74.3438,100,95,67.81999999999996,2.06
478,kahului,US,2022-09-13 16:41:27,20.8947,-156.47,40,77,80.88800000000005,4.12
479,ossora,RU,2022-09-13 16:41:28,59.2353,163.0719,100,57,51.38599999999997,2.38
480,baiyin,CN,2022-09-13 16:41:17,36.5583,104.2081,97,35,76.80199999999998,9
481,bonavista,CA,2022-09-13 16:41:29,48.6499,-53.1147,100,97,57.36199999999995,11.38
482,haibowan,,,,,,,,
483,comodoro rivadavia,AR,2022-09-13 16:41:29,-45.8667,-67.5,0,80,35.725999999999985,2.57
484,ritchie,ZA,2022-09-13 16:41:30,-29.038,24.6028,0,20,54.877999999999965,5.12
485,gigmoto,PH,2022-09-13 16:41:30,13.7796,124.39,97,66,88.10600000000002,3.6
486,pacific grove,US,2022-09-13 16:41:30,36.6177,-121.9166,100,88,64.47200000000004,3.09
487,jining,CN,2022-09-13 16:41:31,35.405,116.5814,0,42,85.13599999999997,4.78
488,sandnessjoen,NO,2022-09-13 16:41:31,66.0217,12.6316,75,70,57.685999999999964,2.06
489,takoradi,GH,2022-09-13 16:41:32,4.8845,-1.7554,100,91,74.26400000000004,2.67
490,alofi,NU,2022-09-13 16:41:33,-19.0595,-169.9187,8,78,75.36199999999997,1.54
491,meulaboh,ID,2022-09-13 16:41:33,4.1363,96.1285,92,64,85.38800000000005,3.22
492,kayanza,BI,2022-09-13 16:41:34,-3.0667,29.6667,100,57,67.67599999999999,1.89
493,moussoro,TD,2022-09-13 16:41:35,13.6408,16.4901,78,64,83.39000000000001,6.63
494,narsaq,GL,2022-09-13 16:41:35,60.9167,-46.05,0,65,39.685999999999964,2.09
495,atar,MR,2022-09-13 16:41:36,20.5169,-13.0499,11,45,89.20399999999995,2.51
496,carolina,PR,2022-09-13 16:41:36,18.3808,-65.9574,40,93,80.02400000000002,0
497,agadez,NE,2022-09-13 16:41:37,19.75,10.25,5,16,84.21799999999999,4.61
498,bur gabo,,,,,,,,
499,port blair,IN,2022-09-13 16:40:56,11.6667,92.75,40,66,88.10600000000002,4.63
500,ciudad real,ES,2022-09-13 16:41:38,39,-4,100,71,72.31999999999996,2.68
501,north bend,US,2022-09-13 16:41:38,43.4065,-124.2243,100,99,58.190000000000026,2.06
502,cap malheureux,MU,2022-09-13 16:41:38,-19.9842,57.6142,10,65,75.74000000000002,4.02
503,charagua,BO,2022-09-13 16:41:39,-19.8,-63.2167,94,36,63.067999999999984,0.53
504,gat,IL,2022-09-13 16:41:39,31.61,34.7642,84,100,82.058,2.29
505,ginir,ET,2022-09-13 16:41:40,7.1333,40.7,26,54,70.03399999999999,5.96
506,el salto,MX,2022-09-13 16:41:40,20.3333,-104.5,100,95,59.99000000000002,1.28
507,eyl,SO,2022-09-13 16:41:41,7.9803,49.8164,100,48,87.90800000000002,11.22
508,fengcheng,CN,2022-09-13 16:41:41,40.4536,124.0717,70,61,82.74199999999999,2.94
509,seoul,KR,2022-09-13 16:38:37,37.5683,126.9778,0,65,80.43800000000005,2.57
510,srednekolymsk,RU,2022-09-13 16:41:42,67.45,153.6833,100,80,41.251999999999974,3.21
511,broken hill,AU,2022-09-13 16:38:47,-31.95,141.4333,42,34,68.52200000000005,3.31
512,tacuarembo,UY,2022-09-13 16:41:43,-31.7333,-55.9833,3,88,48.667999999999985,2.85
513,marsh harbour,BS,2022-09-13 16:41:43,26.5412,-77.0636,16,71,83.75,3.34
514,batemans bay,AU,2022-09-13 16:41:43,-35.7167,150.1833,24,57,57.36199999999995,3.26
515,steinbach,DE,2022-09-13 16:40:56,50.1667,8.5667,100,76,64.47200000000004,1.03
516,murom,RU,2022-09-13 16:41:44,55.5656,42.0417,88,44,58.477999999999966,6.03
517,challapata,BO,2022-09-13 16:41:45,-18.9,-66.7667,25,28,37.346000000000046,1.2
518,balakhta,RU,2022-09-13 16:41:45,55.38,91.6,84,45,50.18000000000004,1.68
519,vanavara,RU,2022-09-13 16:41:45,60.34,102.2797,100,79,41.75600000000003,4.87
520,obera,AR,2022-09-13 16:40:59,-27.4871,-55.1199,4,98,48.79399999999997,0.72
521,nyurba,RU,2022-09-13 16:41:46,63.2842,118.3319,100,96,47.42599999999999,2.2
522,tondano,ID,2022-09-13 16:41:46,1.3038,124.9112,100,71,80.95999999999998,1.68
523,yumen,CN,2022-09-13 16:41:46,40.2833,97.2,86,23,83.56999999999996,8.34
524,amahai,ID,2022-09-13 16:41:47,-3.3333,128.9167,26,77,82.54399999999998,4.18
525,ginda,IN,2022-09-13 16:41:47,30.6945,78.4932,69,74,73.45399999999995,1.94
526,timra,SE,2022-09-13 16:41:47,62.487,17.3257,100,88,58.946000000000055,5.66
527,yendi,GH,2022-09-13 16:41:48,9.4427,-0.0099,97,96,71.02400000000002,1.78
528,port hedland,AU,2022-09-13 16:41:49,-20.3167,118.5667,0,44,80.924,9.77
529,nhulunbuy,AU,2022-09-13 16:41:49,-12.2333,136.7667,75,66,86.88200000000002,7.2
530,arkul,RU,2022-09-13 16:41:49,57.2808,50.044,87,59,56.06600000000001,1.97
531,palabuhanratu,,,,,,,,
532,pointe michel,DM,2022-09-13 16:41:50,15.25,-61.3833,37,74,82.41799999999998,4.38
533,grand-lahou,CI,2022-09-13 16:41:50,5.1367,-5.0242,100,92,73.99399999999997,3.65
534,san luis,AR,2022-09-13 16:41:51,-33.295,-66.3356,21,26,54.788000000000046,4.02
535,anadyr,RU,2022-09-13 16:41:51,64.75,177.4833,20,87,47.174000000000014,3
536,tura,IN,2022-09-13 16:41:51,25.5198,90.2201,100,96,74.15600000000003,1.37
537,barra do corda,BR,2022-09-13 16:41:52,-5.5,-45.25,2,80,72.98599999999996,2.96
538,lumberton,US,2022-09-13 16:41:52,34.6182,-79.0086,20,94,75.77599999999998,1.54
539,nizhneyansk,,,,,,,,
540,goderich,CA,2022-09-13 16:41:53,43.7501,-81.7165,7,67,63.193999999999974,3.09
541,phangnga,TH,2022-09-13 16:41:10,8.4509,98.5298,100,87,86.30600000000004,2.2
542,madras,IN,2022-09-13 16:39:19,13.0878,80.2785,20,59,93.45199999999997,5.14
543,dzhusaly,,,,,,,,
544,kozhva,RU,2022-09-13 16:41:54,65.1073,57.0459,100,86,47.24600000000005,2.8
545,laguna,US,2022-09-13 16:41:54,38.421,-121.4238,0,64,73.45399999999995,4.63
546,praia da vitoria,PT,2022-09-13 16:41:55,38.7333,-27.0667,75,94,70.32200000000003,2.85
547,te anau,NZ,2022-09-13 16:40:13,-45.4167,167.7167,59,91,34.10600000000003,3.02
548,lao cai,VN,2022-09-13 16:41:55,22.4833,103.95,100,99,76.13599999999997,0.33
549,sorong,ID,2022-09-13 16:40:57,-0.8833,131.25,99,71,84.57799999999997,1.6
550,taraza,CO,2022-09-13 16:41:56,7.5836,-75.4007,100,98,73.85,1.23
551,buariki,,,,,,,,
552,gizo,SB,2022-09-13 16:41:57,-8.103,156.8419,25,74,83.174,4.26
553,jiwani,PK,2022-09-13 16:41:58,25.05,61.7417,0,78,83.13800000000005,3.29
554,peace river,CA,2022-09-13 16:41:58,56.2501,-117.286,75,54,55.975999999999985,1.54
555,snezhnogorsk,RU,2022-09-13 16:41:59,69.1933,33.2531,100,87,44.653999999999954,3.96
556,ust-tsilma,RU,2022-09-13 16:41:59,65.441,52.1498,100,93,45.751999999999974,2.55
557,palembang,ID,2022-09-13 16:41:13,-2.9167,104.7458,40,70,86.35999999999999,1.03
558,barwadih,IN,2022-09-13 16:42:00,23.8333,84.1167,100,84,79.60999999999999,1.64
559,salalah,OM,2022-09-13 16:40:16,17.0151,54.0924,100,83,82.75999999999999,2.57
560,bathsheba,BB,2022-09-13 16:42:00,13.2167,-59.5167,40,78,83.28200000000001,4.63
561,dobroye,RU,2022-09-13 16:42:00,52.8678,39.8109,100,76,50.73800000000004,6.34
562,neiafu,TO,2022-09-13 16:42:01,-18.65,-173.9833,20,83,77.95399999999995,3.09
563,solnechnyy,RU,2022-09-13 16:42:01,50.7214,136.6319,85,90,45.661999999999956,2.44
564,kavieng,PG,2022-09-13 16:42:01,-2.5744,150.7967,28,65,84.84800000000003,5.54
565,mosquera,CO,2022-09-13 16:42:02,4.7059,-74.2302,75,100,52.15999999999998,1.03
566,denpasar,ID,2022-09-13 16:38:22,-8.65,115.2167,20,79,84.12799999999996,6.69
567,mullovka,RU,2022-09-13 16:42:02,54.2,49.4,28,41,59.09000000000002,4.48
568,aden,YE,2022-09-13 16:41:19,12.7794,45.0367,16,55,91.85,2.06
569,kununurra,AU,2022-09-13 16:37:49,-15.7667,128.7333,40,30,98.85199999999998,5.66
570,atasu,KZ,2022-09-13 16:42:03,48.6814,71.6433,77,27,58.80199999999998,3.21
571,khon kaen,TH,2022-09-13 16:41:46,16.5,102.0833,99,56,90.75199999999998,0.73
572,sabha,LY,2022-09-13 16:42:04,27.0377,14.4283,43,25,87.22400000000002,3.91
573,grajau,BR,2022-09-13 16:42:05,-5.8194,-46.1386,3,65,73.58000000000004,1.7
574,balabac,PH,2022-09-13 16:42:05,7.9868,117.0645,53,64,86.80999999999997,3.35
575,davila,PH,2022-09-13 16:42:05,18.4726,120.5763,11,75,82.65199999999999,6.13
576,acajutla,SV,2022-09-13 16:42:06,13.5928,-89.8275,100,83,78.20600000000003,2.06
577,tonala,MX,2022-09-13 16:40:58,20.6167,-103.2333,75,77,65.58800000000005,0
578,narimanov,RU,2022-09-13 16:42:06,46.6927,47.8498,100,24,73.58000000000004,9.96
579,makakilo city,US,2022-09-13 16:42:06,21.3469,-158.0858,0,70,79.39399999999998,6.17
580,jhikargachha,,,,,,,,
581,umm kaddadah,SD,2022-09-13 16:42:08,13.6017,26.6876,90,53,83.984,1.84
582,ukiah,US,2022-09-13 16:42:08,39.1502,-123.2078,0,67,62.76199999999996,2.57
583,shirokiy,RU,2022-09-13 16:42:09,49.758,129.523,29,51,61.28599999999997,3.37
584,mucurapo,TT,2022-09-13 16:42:09,10.6667,-61.5333,99,91,78.53000000000004,3.6
585,alyangula,AU,2022-09-13 16:42:10,-13.8483,136.4192,3,60,83.51600000000002,6.29
586,newport,GB,2022-09-13 16:42:11,51.5877,-2.9984,100,78,61.03399999999999,6.11
587,yatou,CN,2022-09-13 16:42:12,37.15,122.3833,100,76,73.72400000000002,4.88
588,miyoshi,JP,2022-09-13 16:42:12,35.0833,137.0667,96,54,92.04800000000003,2.88
589,san felipe,VE,2022-09-13 16:42:13,10.3399,-68.7425,83,98,71.78000000000004,0.27
590,sarkand,KZ,2022-09-13 16:42:13,45.41,79.9186,1,24,69.83599999999997,4.34
591,talgar,KZ,2022-09-13 16:42:14,43.3027,77.2395,1,37,63.03200000000002,2
592,bogatyye saby,RU,2022-09-13 16:42:15,56.0102,50.4483,12,49,57.70399999999995,2.88
593,aykhal,RU,2022-09-13 16:42:16,66,111.5,100,79,38.030000000000044,5.18
594,palu,ID,2022-09-13 16:42:16,-0.8917,119.8707,30,86,83.76799999999999,1
595,kpandae,GH,2022-09-13 16:42:17,8.4689,-0.0113,91,95,71.63599999999997,1.61
596,husavik,IS,2022-09-13 16:42:17,66.0449,-17.3389,87,87,48.01999999999996,0.74
597,aswan,EG,2022-09-13 16:38:47,24.0934,32.907,2,24,93.57799999999997,6.03
598,marathon,US,2022-09-13 16:42:18,44.9,-89.7668,0,90,55.20199999999998,2.57
599,laredo,US,2022-09-13 16:42:18,27.5064,-99.5075,0,73,79.358,3.09
600,kushmurun,KZ,2022-09-13 16:42:19,52.4503,64.6311,98,50,56.96600000000001,3.45
601,braco do norte,BR,2022-09-13 16:42:20,-28.275,-49.1656,42,98,58.13599999999997,0.67
602,teya,RU,2022-09-13 16:42:20,60.3778,92.6267,100,76,45.788000000000046,3.65
603,changping,CN,2022-09-13 16:40:23,40.2186,116.2197,0,39,85.90999999999998,3.28
604,purranque,CL,2022-09-13 16:42:22,-40.9167,-73.1667,31,99,38.80399999999995,0.66
605,acuna,,,,,,,,
606,gorontalo,ID,2022-09-13 16:42:23,0.5412,123.0595,56,70,85.73000000000005,2.6
607,preobrazheniye,RU,2022-09-13 16:42:24,42.9019,133.9064,91,60,76.74800000000002,2.64
608,los llanos de aridane,ES,2022-09-13 16:40:13,28.6585,-17.9182,75,82,69.81799999999998,3.58
609,quesnel,CA,2022-09-13 16:42:24,52.9999,-122.5029,20,87,52.57400000000001,1.03
610,calamar,CO,2022-09-13 16:42:25,10.2511,-74.9146,100,91,76.47799999999997,0.62
611,praia,CV,2022-09-13 16:41:25,14.9215,-23.5087,100,87,79.05199999999998,6.89
612,rochegda,RU,2022-09-13 16:42:25,62.8,43.25,98,62,56.08399999999999,3.69
613,nalut,LY,2022-09-13 16:42:26,30.3333,10.85,0,32,84.2,4.26
614,perth,AU,2022-09-13 16:41:52,-31.9333,115.8333,75,75,64.36400000000003,9.77
615,nantucket,US,2022-09-13 16:42:26,41.2835,-70.0995,100,77,72.01400000000004,2.06
616,pilar,BR,2022-09-13 16:42:27,-9.5972,-35.9567,60,90,69.99800000000002,1.68
617,bilma,NE,2022-09-13 16:42:28,18.6853,12.9164,98,16,90.78800000000004,5.18
618,myaundzha,RU,2022-09-13 16:42:29,63.0494,147.1858,17,34,44.41999999999996,5.14
619,suriapet,IN,2022-09-13 16:42:30,17.15,79.6167,100,67,85.208,5.92
620,naze,JP,2022-09-13 16:42:30,28.3667,129.4833,46,84,79.98800000000006,6.85
621,aksha,RU,2022-09-13 16:42:31,50.2814,113.2867,100,41,77.52200000000005,5.39
622,saint-augustin,CA,2022-09-13 16:42:32,51.226,-58.6502,0,85,54.067999999999984,2.54
623,auki,SB,2022-09-13 16:42:32,-8.7676,160.7034,77,81,79.7,1.6
624,tahara,JP,2022-09-13 16:42:32,34.6667,137.2667,60,2,88.21400000000003,3.47
625,san benedetto del tronto,IT,2022-09-13 16:42:33,42.9456,13.8816,0,44,74.31799999999998,1.14
626,the valley,AI,2022-09-13 16:38:19,18.217,-63.0578,14,73,83.084,6.97
627,rungata,,,,,,,,
628,forestville,US,2022-09-13 16:42:34,38.8451,-76.875,20,96,71.86999999999996,2.57
629,ixtapa,MX,2022-09-13 16:42:34,20.7,-105.2,100,93,77.50399999999996,1.26
630,san javier,ES,2022-09-13 16:39:24,37.8063,-0.8374,20,83,80.85199999999998,1.54
631,horta,PT,2022-09-13 16:42:35,38.5333,-28.6333,75,94,73.30999999999997,4.12
632,quelimane,MZ,2022-09-13 16:42:35,-17.8786,36.8883,40,83,75.41600000000001,2.57
633,manokwari,ID,2022-09-13 16:42:35,-0.8667,134.0833,100,75,81.64399999999998,6.42
634,cidreira,BR,2022-09-13 16:42:36,-30.1811,-50.2056,60,94,58.693999999999974,3.66
635,berlevag,NO,2022-09-13 16:42:37,70.8578,29.0864,40,81,42.872000000000035,4.63
636,cukai,MY,2022-09-13 16:42:21,4.25,103.4167,22,69,84.41600000000001,3.46
637,progreso,MX,2022-09-13 16:42:37,21.2833,-89.6667,100,94,74.37200000000004,3.35
638,ostrovnoy,RU,2022-09-13 16:42:38,68.0531,39.5131,100,75,46.88599999999997,1.47
639,sao jose da coroa grande,BR,2022-09-13 16:42:39,-8.8978,-35.1478,13,84,73.184,3.8
640,kedrovyy,RU,2022-09-13 16:42:40,56.1667,91.8167,85,43,49.13599999999997,2.23
641,prieska,ZA,2022-09-13 16:42:40,-29.6641,22.7474,0,24,58.208000000000006,4.06
642,finnsnes,NO,2022-09-13 16:42:40,69.2296,17.9811,59,76,40.082000000000015,1.41
643,komsomolskiy,UZ,2022-09-13 16:42:41,40.4272,71.7189,0,49,70.79000000000002,1.03
644,lushunkou,,,,,,,,
